ID_JUGADOR;NOMBRE;PARTIDOS_JUGADOS;MINUTOS_TOTALES;PROM_PUNTOS_JUEGO
0.0;Brandon Ingram;36.0;27.4;7.4
1.0;Andrew Harrison;35.0;26.9;7.2
2.0;JaKarr Sampson;74.0;15.3;5.2
3.0;Malik Sealy;58.0;11.6;5.7
4.0;Matt Geiger;48.0;11.5;4.5
5.0;Tony Bennett;75.0;11.4;3.7
6.0;Don MacLean;62.0;10.9;6.6
7.0;Tracy Murray;48.0;10.3;5.7
8.0;Duane Cooper;65.0;9.9;2.4
9.0;Dave Johnson;42.0;8.5;3.7
10.0;Corey Williams;35.0;6.9;2.3
11.0;Sam Mack;40.0;6.7;3.6
12.0;Lorenzo Williams;27.0;6.6;1.3
13.0;P.J. Hairston;45.0;15.3;5.6
14.0;Elmore Spencer;44.0;6.4;2.4
15.0;John Crotty;40.0;6.1;2.6
16.0;Stephen Howard;49.0;5.3;2.1
17.0;Randy Woods;41.0;4.2;1.7
18.0;Larry Johnson;82.0;37.2;19.2
19.0;Larry Johnson;82.0;37.2;19.2
20.0;Billy Owens;80.0;31.4;14.3
21.0;Stacey Augmon;82.0;30.5;13.3
22.0;Mark Macon;76.0;30.3;10.6
23.0;Steven Smith;61.0;29.6;12.0
24.0;Mitch McGary;32.0;15.2;6.3
25.0;Larry Stewart;76.0;29.3;10.4
26.0;Mike Iuzzolino;52.0;24.6;9.3
27.0;Doug Smith;76.0;22.5;8.8
28.0;Paul Graham;78.0;22.0;10.1
29.0;Donald Hodge;51.0;20.7;8.4
30.0;Dale Davis;64.0;20.3;6.2
31.0;Stanley Roberts;55.0;20.3;10.4
32.0;Terrell Brandon;82.0;19.6;7.4
33.0;Bison Dele;48.0;18.9;9.1
34.0;Spencer Dinwiddie;34.0;13.4;4.3
35.0;Tracy Moore;42.0;18.6;8.5
36.0;Greg Anthony;82.0;18.4;5.5
37.0;Kenny Anderson;64.0;17.0;7.0
38.0;Victor Alexander;80.0;16.9;7.4
39.0;David Benoit;77.0;15.1;5.6
40.0;Kevin Lynch;55.0;14.9;4.1
41.0;LaBradford Smith;48.0;14.8;5.1
42.0;Chris Corchiani;51.0;14.5;5.0
43.0;Travis Wear;51.0;13.2;3.9
44.0;Robert Pack;72.0;12.4;4.6
45.0;Pete Chilcutt;69.0;11.8;3.6
46.0;Chris Gatling;54.0;11.3;5.7
47.0;Tharon Mayes;24.0;10.6;4.1
48.0;Eric Murdock;50.0;9.6;4.1
49.0;Randy Brown;56.0;9.6;3.4
50.0;Greg Sutton;67.0;9.0;3.7
51.0;Elliot Perry;50.0;8.7;2.5
52.0;Marty Conlon;45.0;8.5;2.7
53.0;Rodney Monroe;38.0;8.2;3.4
54.0;John Turner;42.0;8.2;2.8
55.0;Mark Randall;54.0;8.2;3.2
56.0;Sean Green;35.0;7.3;4.0
57.0;Kevin Brooks;37.0;7.3;2.8
58.0;Doug Lee;46.0;6.7;2.6
59.0;Corey Crowder;51.0;6.4;2.2
60.0;Rich King;40.0;5.3;2.2
61.0;Stephen Thompson;19.0;4.8;1.6
62.0;Charles Thomas;36.0;4.3;1.3
63.0;Lionel Simmons;79.0;37.7;18.0
64.0;Gary Harris;55.0;13.1;3.4
65.0;Derrick Coleman;74.0;35.2;18.4
66.0;Travis Mays;64.0;33.5;14.3
67.0;Dennis Scott;82.0;28.5;15.7
68.0;Gary Payton*;82.0;27.4;7.2
69.0;Felton Spencer;81.0;25.9;7.1
70.0;Willie Burton;76.0;25.4;12.0
71.0;Dee Brown;82.0;23.7;8.7
72.0;Dee Brown;82.0;23.7;8.7
73.0;Dee Brown;49.0;9.2;1.9
74.0;Dee Brown;49.0;9.2;1.9
75.0;Kendall Gill;82.0;23.7;11.0
76.0;Duane Causwell;76.0;22.6;6.9
77.0;Mahmoud Abdul-Rauf;67.0;22.5;14.1
78.0;A.J. English;70.0;20.6;8.8
79.0;Danny Ferry;81.0;20.5;8.6
80.0;Mario Elie;33.0;19.5;7.2
81.0;Anthony Cook;58.0;19.3;5.3
82.0;Gerald Paddio;70.0;16.9;7.2
83.0;Bimbo Coles;82.0;16.5;4.9
84.0;Bo Kimble;62.0;16.2;6.9
85.0;Alec Kessler;78.0;16.1;6.2
86.0;Loy Vaught;73.0;16.1;5.5
87.0;Tyrone Hill;74.0;16.1;5.3
88.0;Marcus Liberty;76.0;15.4;6.7
89.0;Terry Mills;55.0;14.9;5.7
90.0;Jamal Robinson;47.0;14.3;5.6
91.0;Henry James;37.0;13.6;8.1
92.0;Jerrod Mustaf;62.0;13.3;4.3
93.0;Kevin Pritchard;62.0;12.5;3.9
94.0;Gerald Glass;51.0;11.9;6.9
95.0;Larry Robinson;36.0;11.8;3.9
96.0;Jud Buechler;74.0;11.6;3.1
97.0;Cedric Ceballos;63.0;11.6;8.2
98.0;Kyle Anderson;33.0;10.8;2.2
99.0;Greg Foster;54.0;11.2;4.4
100.0;Brian Oliver;73.0;11.0;3.8
101.0;Howard Wright;15.0;10.9;3.6
102.0;Tony Smith;64.0;10.9;3.7
103.0;Tate George;56.0;10.6;3.4
104.0;Rick Calloway;64.0;10.6;3.2
105.0;Steve Henson;68.0;10.1;3.1
106.0;Andy Toolson;47.0;10.0;2.9
107.0;Jayson Williams;52.0;9.8;3.5
108.0;Kennard Winchester;64.0;9.5;3.7
109.0;Johnny O'Bryant;34.0;10.8;2.9
110.0;Dwayne Schintzius;42.0;9.5;3.8
111.0;Sean Higgins;50.0;9.3;4.5
112.0;Elden Campbell;52.0;7.3;2.8
113.0;Kenny Williams;75.0;7.0;2.9
114.0;Keith Askins;39.0;6.8;2.2
115.0;Scott Williams;51.0;6.6;2.5
116.0;Richard Coffey;52.0;6.2;1.3
117.0;Steve Scheffler;39.0;5.8;1.5
118.0;David Robinson*;82.0;36.6;24.3
119.0;James Young;31.0;10.7;3.4
120.0;Tim Hardaway;79.0;33.7;14.7
121.0;Tim Hardaway;79.0;33.7;14.7
122.0;J.R. Reid;82.0;33.6;11.1
123.0;Pooh Richardson;82.0;31.5;11.4
124.0;Sherman Douglas;81.0;30.5;14.3
125.0;Sam Mitchell;80.0;30.2;12.7
126.0;Glen Rice;77.0;30.0;13.6
127.0;Glen Rice;77.0;30.0;13.6
128.0;Mookie Blaylock;50.0;25.3;10.1
129.0;Sean Elliott;81.0;25.1;10.0
130.0;Blue Edwards;82.0;23.0;8.9
131.0;Cory Jefferson;50.0;10.6;3.7
132.0;Nick Anderson;81.0;22.0;11.5
133.0;Stacey King;82.0;21.7;8.9
134.0;Dana Barros;81.0;20.1;9.7
135.0;Jeff Martin;69.0;19.6;6.3
136.0;Clifford Robinson;82.0;19.1;9.1
137.0;Winston Bennett;55.0;18.0;6.1
138.0;Chucky Brown;75.0;17.9;7.3
139.0;Michael Ansley;72.0;17.0;8.7
140.0;Todd Lichti;79.0;16.8;8.0
141.0;Noah Vonleh;25.0;10.4;3.3
142.0;B.J. Armstrong;81.0;15.9;5.6
143.0;Terry Davis;63.0;14.0;4.7
144.0;Shawn Kemp;81.0;13.8;6.5
145.0;Tom Hammonds;61.0;13.2;5.3
146.0;Scott Haffner;43.0;13.0;4.6
147.0;Randy White;55.0;12.9;4.3
148.0;Kenny Battle;59.0;12.4;4.1
149.0;Donald Royal;66.0;11.3;5.9
150.0;Michael Carter-Williams;70.0;34.5;16.7
151.0;Delaney Rudd;77.0;11.0;3.5
152.0;John Morton;37.0;10.9;3.9
153.0;Greg Grant;67.0;10.1;3.1
154.0;Doug Roth;42.0;9.8;1.9
155.0;Byron Irvin;50.0;9.8;5.2
156.0;Michael Smith;65.0;9.5;5.0
157.0;Michael Smith;65.0;9.5;5.0
158.0;Michael Smith;82.0;21.2;6.9
159.0;Michael Smith;82.0;21.2;6.9
160.0;George McCloud;44.0;9.4;2.7
161.0;Henry Turner;36.0;8.8;4.3
162.0;Charles Smith;60.0;8.7;2.9
163.0;Charles Smith;60.0;8.7;2.9
164.0;Charles Smith;60.0;8.7;2.9
165.0;Charles Smith;71.0;30.4;16.3
166.0;Charles Smith;71.0;30.4;16.3
167.0;Charles Smith;71.0;30.4;16.3
168.0;Charles Smith;34.0;8.6;3.5
169.0;Charles Smith;34.0;8.6;3.5
170.0;Charles Smith;34.0;8.6;3.5
171.0;Ed Horton;45.0;8.3;4.5
172.0;Trey Burke;70.0;32.3;12.8
173.0;Frank Kornet;57.0;7.7;2.0
174.0;Doug West;52.0;7.3;2.6
175.0;Adrian Caldwell;51.0;6.5;1.9
176.0;Kenny Payne;35.0;6.2;3.3
177.0;Eric Johnson;48.0;5.7;1.1
178.0;Mike Williams;21.0;4.9;0.7
179.0;Mike Morrison;36.0;4.3;2.0
180.0;Nate Johnston;21.0;4.1;2.2
181.0;Mitch Richmond*;79.0;34.4;22.0
182.0;Willie Anderson;81.0;33.8;18.6
183.0;Victor Oladipo;80.0;31.1;13.8
184.0;Hersey Hawkins;79.0;32.6;15.1
185.0;Kevin Edwards;79.0;29.7;13.8
186.0;Grant Long;82.0;29.7;11.9
187.0;Rex Chapman;75.0;29.6;16.9
188.0;Brian Shaw;82.0;28.1;8.6
189.0;Chris Morris;76.0;27.6;14.1
190.0;Gary Grant;71.0;27.1;11.9
191.0;Vernon Maxwell;79.0;26.1;11.7
192.0;Ben McLemore;82.0;26.7;8.8
193.0;Dan Majerle;54.0;25.1;8.6
194.0;Sylvester Gray;55.0;22.2;8.0
195.0;Ricky Berry;64.0;22.0;11.0
196.0;Tom Garrick;71.0;21.1;6.4
197.0;Michael Anderson;36.0;20.3;5.7
198.0;Michael Anderson;65.0;18.5;7.4
199.0;Vinny Del Negro;80.0;19.5;7.1
200.0;Kelvin Upshaw;32.0;19.3;6.8
201.0;Derrick Chievous;81.0;19.0;9.3
202.0;Ledell Eackles;80.0;18.2;11.5
203.0;Harvey Grant;71.0;16.8;5.6
204.0;Rod Strickland;81.0;16.8;8.9
205.0;Scott Brooks;82.0;16.7;5.2
206.0;Todd Mitchell;24.0;14.7;5.1
207.0;John Shasky;65.0;14.5;5.5
208.0;Mark Bryant;56.0;14.3;5.0
209.0;Mark Bryant;36.0;7.0;1.6
210.0;Shelton Jones;51.0;13.4;4.8
211.0;Eric Leckner;75.0;10.4;4.3
212.0;Jerome Lane;54.0;10.2;4.8
213.0;Tim Perry;62.0;9.9;4.1
214.0;Jim Les;82.0;9.5;1.7
215.0;Craig Neal;53.0;9.4;2.2
216.0;David Rivers;47.0;9.4;2.9
217.0;John Starks;36.0;8.8;4.1
218.0;Andrew Lang;62.0;8.5;2.6
219.0;Bill Jones;37.0;8.3;3.5
220.0;Charles Shackleford;60.0;8.1;3.1
221.0;Morlon Wiley;51.0;8.0;2.2
222.0;Randolph Keys;42.0;7.9;4.0
223.0;Mark Davis;33.0;7.8;3.8
224.0;Mark Davis;33.0;7.8;3.8
225.0;Mark Davis;57.0;10.0;3.3
226.0;Mark Davis;57.0;10.0;3.3
227.0;Troy Williams;24.0;17.4;5.3
228.0;Hollis Thompson;77.0;22.6;6.0
229.0;Ron Grandison;72.0;7.3;2.5
230.0;Micheal Williams;49.0;7.3;2.6
231.0;Anthony Frederick;46.0;6.8;3.3
232.0;Avery Johnson;43.0;6.8;1.6
233.0;Everette Stephens;35.0;6.0;1.9
234.0;Jack Haley;51.0;5.7;2.2
235.0;Duane Ferrell;41.0;5.6;2.4
236.0;Mark Jackson;82.0;39.6;13.6
237.0;Kenny Smith;61.0;35.6;13.8
238.0;Nate Wolters;58.0;22.6;7.2
239.0;Armen Gilliam;55.0;32.9;14.8
240.0;Winston Garland;67.0;31.7;12.4
241.0;Joe Wolf;42.0;27.1;7.6
242.0;Reggie Williams;35.0;24.5;10.4
243.0;Reggie Williams;35.0;24.5;10.4
244.0;Greg Anderson;82.0;24.2;11.7
245.0;Kevin Johnson;80.0;24.0;9.2
246.0;Horace Grant;81.0;22.6;7.7
247.0;Reggie Miller*;82.0;22.4;10.0
248.0;Dennis Hopson;61.0;22.4;9.6
249.0;Ken Norman;66.0;21.7;8.6
250.0;Ryan Kelly;59.0;22.2;8.0
251.0;Scottie Pippen*;79.0;20.9;7.9
252.0;Derrick McKey;82.0;20.8;8.5
253.0;Muggsy Bogues;79.0;20.6;5.0
254.0;Tellis Frank;78.0;20.5;8.1
255.0;Ricky Wilson;24.0;17.5;5.2
256.0;Dave Hoppen;39.0;16.5;5.7
257.0;Dallas Comegys;75.0;15.0;5.6
258.0;Mark Acres;79.0;14.6;3.6
259.0;Michael Jackson;58.0;13.1;2.7
260.0;Tony White;49.0;11.9;5.3
261.0;Brad Lohaus;70.0;10.3;4.2
262.0;Milt Wagner;40.0;9.5;3.8
263.0;Chris Dudley;55.0;9.3;3.1
264.0;Clinton Wheeler;59.0;8.7;2.5
265.0;Billy Donovan;44.0;8.3;2.4
266.0;Reggie Lewis;49.0;8.3;4.5
267.0;Martin Nessley;44.0;7.6;1.1
268.0;John Stroeder;41.0;6.6;1.9
269.0;Bart Kofoed;36.0;6.3;1.3
270.0;Ray McCallum;45.0;19.9;6.2
271.0;Ralph Lewis;50.0;6.2;1.7
272.0;Ron Harper;82.0;37.4;22.9
273.0;Chuck Person;82.0;36.0;18.8
274.0;Hot Rod Williams;80.0;33.9;14.6
275.0;Brad Daugherty;80.0;33.7;15.7
276.0;Nate McMillan;71.0;27.8;5.3
277.0;Kenny Walker;68.0;25.3;10.4
278.0;Walter Berry;63.0;25.2;15.9
279.0;John Williams;78.0;22.7;9.2
280.0;Kentavious Caldwell-Pope;80.0;19.8;5.9
281.0;Brad Sellers;80.0;21.9;8.5
282.0;David Wingate;77.0;20.9;8.8
283.0;Johnny Dawkins;81.0;20.8;10.3
284.0;William Bedford;50.0;19.6;6.7
285.0;Jeff Hornacek;80.0;19.5;5.3
286.0;Roy Tarpley;75.0;18.7;7.5
287.0;Mark Price;67.0;18.2;6.9
288.0;John Salley;82.0;17.8;5.3
289.0;Mark Alarie;64.0;17.3;7.9
290.0;Ben Coleman;68.0;15.1;6.6
291.0;Dennis Rodman*;77.0;15.0;6.5
292.0;Larry Krystkowiak;68.0;14.8;6.6
293.0;Kenny Gattison;77.0;14.3;5.2
294.0;Tim Kempton;66.0;14.2;4.4
295.0;Harold Pressley;67.0;13.6;4.6
296.0;Kevin Duckworth;65.0;13.5;5.4
297.0;Anthony Jones;65.0;13.2;5.0
298.0;Mike Brown;62.0;13.2;4.2
299.0;Grant Gondrezick;64.0;13.1;5.5
300.0;Billy Thompson;59.0;12.9;5.6
301.0;Mason Plumlee;70.0;18.2;7.4
302.0;Rafael Addison;62.0;11.5;5.8
303.0;Chris Washburn;35.0;11.0;3.8
304.0;Keith Smith;42.0;11.0;3.3
305.0;Johnny Newman;59.0;10.7;5.0
306.0;Johnny Rogers;45.0;10.4;4.2
307.0;Dell Curry;67.0;9.5;4.9
308.0;Buck Johnson;60.0;8.7;3.8
309.0;Clinton Smith;41.0;8.3;3.1
310.0;Dave Feitl;62.0;8.0;3.7
311.0;Bob Martin;43.0;6.7;3.4
312.0;Bob Martin;53.0;10.1;2.1
313.0;Conner Henry;54.0;6.0;2.3
314.0;Patrick Ewing;50.0;35.4;20.0
315.0;Xavier McDaniel;82.0;33.0;17.1
316.0;Karl Malone*;81.0;30.6;14.9
317.0;Wayman Tisdale;81.0;28.1;14.7
318.0;Benoit Benjamin;79.0;26.4;11.1
319.0;Chris Mullin*;55.0;25.3;14.0
320.0;Gerald Wilkins;81.0;25.0;12.5
321.0;Joe Dumars*;82.0;23.9;9.4
322.0;Cody Zeller;82.0;17.3;6.0
323.0;Charles Oakley;77.0;23.0;9.6
324.0;Jon Koncak;82.0;20.7;8.3
325.0;Keith Lee;58.0;20.6;7.4
326.0;Ed Pinckney;80.0;20.0;8.5
327.0;A.C. Green;82.0;18.8;6.4
328.0;Bob Thornton;71.0;18.6;4.7
329.0;Terry Catledge;64.0;17.1;7.7
330.0;Spud Webb;79.0;15.6;7.8
331.0;Terry Porter;79.0;15.4;7.1
332.0;Marquese Chriss;34.0;17.1;7.0
333.0;Nick Calathes;71.0;16.5;4.9
334.0;Carey Scurry;78.0;15.0;4.7
335.0;Dirk Minniefield;76.0;14.9;5.5
336.0;Joe Kleine;80.0;14.8;5.2
337.0;Alfredrick Hughes;68.0;12.7;5.2
338.0;Ken Johnson;64.0;12.7;4.1
339.0;Ken Johnson;64.0;12.7;4.1
340.0;Pete Williams;53.0;10.8;2.8
341.0;Bill Martin;66.0;10.5;5.0
342.0;Tony Snell;77.0;16.0;4.5
343.0;Fred Cofield;45.0;10.4;3.7
344.0;Dwayne McClain;45.0;10.2;3.5
345.0;John Battle;64.0;10.0;4.3
346.0;Jerry Reynolds;55.0;9.2;3.7
347.0;Steve Harris;57.0;8.5;4.5
348.0;Lorenzo Charles;36.0;7.6;3.4
349.0;Sam Vincent;57.0;7.6;3.2
350.0;Blair Rasmussen;48.0;6.9;3.2
351.0;Phil Pressey;75.0;15.1;2.8
352.0;Michael Jordan*;82.0;38.3;28.2
353.0;Vern Fleming;80.0;31.1;14.1
354.0;Sam Bowie;76.0;29.2;10.0
355.0;Charles Barkley*;82.0;28.6;14.0
356.0;Sam Perkins;82.0;28.3;11.0
357.0;Jay Humphries;80.0;25.8;8.8
358.0;Melvin Turpin;79.0;24.7;10.6
359.0;Otis Thorpe;82.0;23.4;12.8
360.0;Kevin Willis;82.0;21.8;9.3
361.0;Michael Cage;75.0;21.5;7.1
362.0;Alvin Robertson;79.0;21.3;9.2
363.0;Tim McCormick;78.0;20.3;9.3
364.0;Charles Jones;78.0;20.1;8.4
365.0;Charles Jones;78.0;20.1;8.4
366.0;Charles Jones;78.0;20.1;8.4
367.0;Charles Jones;29.0;16.4;3.7
368.0;Charles Jones;29.0;16.4;3.7
369.0;Charles Jones;29.0;16.4;3.7
370.0;Jeff Turner;72.0;19.8;5.8
371.0;Tony Brown;82.0;19.3;6.6
372.0;Antoine Carr;62.0;19.3;8.0
373.0;Steve Colter;78.0;18.7;7.1
374.0;Ken Bannister;75.0;18.7;6.8
375.0;John Stockton*;82.0;18.2;5.6
376.0;Terence Stansbury;74.0;17.3;7.1
377.0;Othell Wilson;74.0;17.0;4.4
378.0;Eddie Lee Wilkins;54.0;17.0;5.5
379.0;Chuck Aleksinas;74.0;15.1;5.1
380.0;Ron Anderson;36.0;14.4;5.8
381.0;Frank Brickowski;78.0;14.3;4.9
382.0;Ozell Jones;67.0;13.3;3.7
383.0;Devin Durrant;59.0;12.8;5.1
384.0;Jerome Kersey;77.0;12.4;6.1
385.0;Ron Cavenall;53.0;12.3;1.5
386.0;Jim Petersen;60.0;11.9;3.2
387.0;Tony Campbell;56.0;11.2;5.6
388.0;Lancaster Gordon;63.0;10.8;4.1
389.0;Gary Plummer;66.0;10.6;3.8
390.0;Kenny Fields;51.0;10.5;3.8
391.0;Cory Blackwell;60.0;9.2;3.4
392.0;Bernard Thompson;59.0;9.1;3.3
393.0;Peter Thibeaux;51.0;9.0;4.5
394.0;Steve Burtt;47.0;8.9;4.2
395.0;Leon Wood;38.0;7.1;3.2
396.0;Charlie Sitton;43.0;7.1;2.1
397.0;Tom Scheffler;39.0;6.9;1.3
398.0;Willie White;39.0;6.0;3.3
399.0;Rick Carlisle;38.0;4.7;1.8
400.0;Ralph Sampson*;82.0;32.8;21.0
401.0;Steve Stipanovich;81.0;30.0;12.0
402.0;Ennis Whatley;80.0;27.0;8.4
403.0;Rodney McCray;79.0;26.3;10.8
404.0;Anthony Bonner;52.0;12.8;4.2
405.0;Mitchell Wiggins;82.0;25.9;12.4
406.0;Thurl Bailey;81.0;24.8;8.5
407.0;Jeff Malone;81.0;24.4;12.1
408.0;Doc Rivers;81.0;23.9;9.3
409.0;Roy Hinson;80.0;23.2;5.5
410.0;Byron Scott;74.0;22.1;10.6
411.0;Paul Thompson;82.0;21.1;9.0
412.0;Derek Harper;82.0;20.9;5.7
413.0;Fred Roberts;79.0;19.4;7.3
414.0;Rod Foster;80.0;17.8;8.3
415.0;Dewayne Dedmon;31.0;12.6;3.1
416.0;Jon Sundvold;73.0;17.6;6.9
417.0;Clyde Drexler*;82.0;17.2;7.7
418.0;Jim Thomas;72.0;16.9;6.3
419.0;Darrell Walker;82.0;16.1;7.9
420.0;Sidney Lowe;78.0;15.9;4.2
421.0;Dale Ellis;67.0;15.8;8.2
422.0;Darren Daye;75.0;15.7;6.1
423.0;Randy Wittman;78.0;13.7;4.5
424.0;Sidney Green;49.0;13.6;5.2
425.0;Granville Waiters;78.0;13.3;3.6
426.0;C.J. McCollum;38.0;12.5;5.3
427.0;Howard Carter;55.0;12.5;6.2
428.0;Dane Suttle;40.0;11.7;6.5
429.0;Scooter McCray;47.0;11.1;2.7
430.0;Sedale Threatt;45.0;10.3;3.3
431.0;John Paxson;49.0;9.3;2.9
432.0;Leroy Combs;48.0;9.3;4.5
433.0;Larry Micheaux;39.0;8.5;3.1
434.0;Randy Breuer;57.0;8.3;2.9
435.0;Pace Mannion;57.0;8.2;2.1
436.0;Kris Dunn;33.0;16.9;4.1
437.0;Robbie Hummel;53.0;12.4;3.4
438.0;Bruce Kuczenski;15.0;7.9;1.9
439.0;Russell Cross;45.0;7.9;3.7
440.0;Bob Hansen;55.0;7.6;2.7
441.0;Greg Kite;35.0;5.6;1.9
442.0;Terry Cummings;70.0;36.2;23.7
443.0;Clark Kellogg;81.0;34.1;20.1
444.0;Quintin Dailey;76.0;27.4;15.1
445.0;Rod Higgins;82.0;26.8;10.3
446.0;Craig Hodges;76.0;26.6;9.9
447.0;Jeff Withey;58.0;11.8;3.3
448.0;James Worthy*;77.0;25.6;13.4
449.0;Trent Tucker;78.0;23.5;8.4
450.0;Terry Teagle;73.0;23.4;10.4
451.0;Marc Iavaroni;80.0;20.2;5.1
452.0;Ed Nealy;82.0;20.0;4.4
453.0;Rob Williams;74.0;19.5;7.0
454.0;Jerry Eaves;82.0;19.4;9.3
455.0;Paul Pressey;79.0;19.3;6.7
456.0;Brandon Davies;51.0;11.3;2.8
457.0;Lester Conner;75.0;18.9;4.9
458.0;Mark Eaton;81.0;18.9;4.3
459.0;Bill Garnett;75.0;18.8;6.3
460.0;Jeff Taylor;44.0;17.6;3.6
461.0;Jeff Taylor;77.0;19.6;6.1
462.0;Bryan Warrick;43.0;16.9;4.0
463.0;Sleepy Floyd;76.0;16.4;8.1
464.0;Richard Anderson;78.0;16.3;5.2
465.0;Russ Schoene;77.0;15.9;6.2
466.0;John Bagley;68.0;14.6;5.7
467.0;Archie Goodwin;52.0;10.3;3.7
468.0;Cliff Levingston;62.0;14.2;5.6
469.0;LaSalle Thompson;71.0;13.9;5.4
470.0;Bruce Flowers;53.0;13.2;4.9
471.0;Corny Thompson;44.0;11.8;2.8
472.0;Walker Russell;68.0;11.1;2.7
473.0;Walker Russell;68.0;11.1;2.7
474.0;David Thirdkill;49.0;10.6;4.0
475.0;Dave Batton;54.0;10.3;3.3
476.0;Darren Tillis;52.0;10.1;3.2
477.0;Brook Steppe;62.0;9.8;4.0
478.0;Rory White;65.0;9.6;5.0
479.0;Andre Roberson;40.0;10.0;1.9
480.0;Linton Townes;55.0;9.4;4.5
481.0;Eddie Phillips;48.0;8.7;3.2
482.0;Jim Johnstone;23.0;8.3;1.3
483.0;Jose Slaughter;63.0;8.2;3.6
484.0;Rickey Williams;44.0;7.9;3.3
485.0;Chris Engler;54.0;6.8;1.5
486.0;Ricky Pierce;39.0;6.8;2.2
487.0;Mark McNamara;36.0;5.1;2.2
488.0;Scott Hastings;31.0;4.5;1.2
489.0;Oliver Robinson;35.0;4.2;2.9
490.0;Kelly Tripucka;82.0;37.5;21.6
491.0;Buck Williams;82.0;34.5;15.5
492.0;Isiah Thomas*;72.0;33.8;17.0
493.0;Tom Chambers;81.0;33.1;17.2
494.0;Jay Vincent;81.0;32.4;21.4
495.0;Mark Aguirre;51.0;28.8;18.7
496.0;Herb Williams;82.0;27.8;11.5
497.0;Jeff Ruland;82.0;27.0;14.4
498.0;Frank Johnson;79.0;25.7;10.7
499.0;Elston Turner;80.0;25.0;8.3
500.0;Steve Johnson;78.0;22.3;12.8
501.0;Albert King;76.0;22.3;12.1
502.0;Gene Banks;80.0;21.3;9.6
503.0;Eddie Johnson;74.0;20.5;9.3
504.0;Eddie Johnson;74.0;20.5;9.3
505.0;Danny Schayes;82.0;19.8;7.9
506.0;Rudy Macklin;79.0;19.2;7.0
507.0;Sam Williams;59.0;18.2;6.1
508.0;Kurt Rambis;64.0;17.7;4.6
509.0;Kurt Nimphius;63.0;17.2;5.3
510.0;Pete Verhoeven;71.0;17.0;4.9
511.0;Darnell Valentine;82.0;16.9;6.4
512.0;Jim Brogan;63.0;16.3;6.3
513.0;John Douglas;64.0;16.1;7.0
514.0;Kevin Loder;71.0;16.0;6.9
515.0;Orlando Woolridge;75.0;15.8;7.3
516.0;Alton Lister;80.0;14.8;4.5
517.0;Larry Nance;80.0;14.8;6.6
518.0;Danny Vranes;77.0;14.0;4.9
519.0;Ed Rains;49.0;13.0;3.9
520.0;Peyton Siva;24.0;9.3;2.3
521.0;Jim Smith;72.0;11.9;2.9
522.0;Jeff Lamp;54.0;11.4;4.6
523.0;Ray Blume;49.0;11.1;4.6
524.0;Garry Witts;46.0;10.7;2.9
525.0;Charlie Davis;54.0;10.6;3.8
526.0;Danny Ainge;53.0;10.6;4.1
527.0;Mike McGee;39.0;9.0;4.9
528.0;Mark Radford;43.0;8.6;3.4
529.0;Alex Bradley;39.0;8.5;3.5
530.0;Reggie Bullock;43.0;9.2;2.7
531.0;Howard Wood;42.0;8.1;3.4
532.0;Franklin Edwards;42.0;6.9;3.6
533.0;Bobby Cattage;49.0;6.9;3.1
534.0;Charles Bradley;51.0;6.6;3.0
535.0;Kevin McKenna;36.0;6.6;1.9
536.0;Joe Barry Carroll;82.0;35.6;18.9
537.0;Darrell Griffith;81.0;35.4;20.6
538.0;Larry Smith;82.0;31.4;9.6
539.0;Mike O'Koren;79.0;31.3;11.0
540.0;Kelvin Ransey;80.0;30.4;15.2
541.0;Malcolm Delaney;33.0;16.4;5.3
542.0;Otto Porter;37.0;8.6;2.1
543.0;Bill Laimbeer;81.0;30.4;9.8
544.0;Michael Brooks;82.0;30.2;14.7
545.0;Mike Gminski;56.0;28.2;13.2
546.0;Darwin Cook;81.0;24.4;11.2
547.0;Andrew Toney;75.0;23.6;12.9
548.0;Cedrick Hordges;68.0;23.5;8.4
549.0;Calvin Garrett;70.0;23.4;6.1
550.0;Don Collins;81.0;22.8;11.5
551.0;Louis Orr;82.0;21.8;10.5
552.0;Reggie Johnson;79.0;21.7;10.2
553.0;Larry Drew;76.0;20.8;6.6
554.0;Larry Drew;76.0;20.8;6.6
555.0;Kevin McHale*;82.0;20.1;10.0
556.0;Lowes Moore;71.0;19.8;7.0
557.0;Wayne Robinson;81.0;19.7;7.9
558.0;Johnny Moore;82.0;19.2;7.4
559.0;Jeff Wilkins;56.0;18.9;4.7
560.0;Kyle Macy;82.0;17.9;8.1
561.0;Bill Hanzlik;74.0;17.0;5.4
562.0;Solomon Hill;28.0;8.1;1.7
563.0;Edgar Jones;60.0;15.8;8.7
564.0;Sam Worthen;64.0;14.8;3.7
565.0;James Johnson;68.0;14.4;5.3
566.0;James Johnson;65.0;11.6;3.9
567.0;Lorenzo Romar;53.0;13.7;4.1
568.0;Rick Mahorn;52.0;13.4;4.8
569.0;Rickey Brown;45.0;12.9;4.0
570.0;Butch Carter;54.0;12.4;5.6
571.0;Mike Woodson;81.0;11.7;4.7
572.0;John Duren;40.0;11.5;1.8
573.0;James Wilkes;48.0;11.3;4.1
574.0;Shabazz Muhammad;37.0;7.8;3.9
575.0;DeWayne Scales;44.0;11.0;4.9
576.0;Craig Shelton;55.0;10.7;4.3
577.0;Earl Cureton;52.0;10.2;4.2
578.0;Billy Reid;59.0;10.1;3.2
579.0;Jerry Sichting;47.0;9.6;2.0
580.0;Reggie Carter;60.0;8.9;2.8
581.0;Mike Harper;55.0;8.4;2.7
582.0;Mike Niles;44.0;5.3;2.6
583.0;Toure' Murry;51.0;7.3;2.7
584.0;Dionte Christmas;31.0;6.4;2.3
585.0;Damian Lillard;82.0;38.6;19.0
586.0;Bradley Beal;56.0;31.2;13.9
587.0;Semaj Christon;33.0;15.6;3.0
588.0;Anthony Davis;64.0;28.8;13.5
589.0;Dion Waiters;61.0;28.8;14.7
590.0;Kyle Singler;82.0;28.0;8.8
591.0;Tyler Zeller;77.0;26.4;7.9
592.0;Maurice Harkless;76.0;26.0;8.2
593.0;Michael Kidd-Gilchrist;78.0;26.0;9.0
594.0;Harrison Barnes;81.0;25.4;9.2
595.0;Austin Rivers;61.0;23.2;6.2
596.0;Caris LeVert;12.0;15.5;4.7
597.0;Andre Drummond;60.0;20.7;7.9
598.0;Jared Sullinger;45.0;19.8;6.0
599.0;Meyers Leonard;69.0;17.5;5.5
600.0;Patrick Beverley;41.0;17.4;5.6
601.0;Jae Crowder;78.0;17.3;5.0
602.0;Brian Roberts;78.0;17.0;7.1
603.0;Terrence Ross;73.0;17.0;6.4
604.0;Chris Copeland;56.0;15.4;8.7
605.0;Thomas Robinson;70.0;15.1;4.8
606.0;John Jenkins;61.0;14.8;6.1
607.0;Kendall Marshall;48.0;14.6;3.0
608.0;Draymond Green;79.0;13.4;2.9
609.0;Darius Miller;52.0;13.3;2.3
610.0;John Henson;63.0;13.1;6.0
611.0;Sheldon McClellan;11.0;13.7;4.8
612.0;DeQuan Jones;63.0;12.7;3.7
613.0;Doron Lamb;47.0;12.3;3.3
614.0;Will Barton;73.0;12.2;4.0
615.0;Orlando Johnson;51.0;12.1;4.0
616.0;Arnett Moultrie;47.0;11.5;3.7
617.0;Kyle O'Quinn;57.0;11.2;4.1
618.0;Bernard James;46.0;9.9;2.8
619.0;Kim English;41.0;9.9;2.9
620.0;Rodney McGruder;30.0;25.7;5.8
621.0;Mike Scott;40.0;9.4;4.6
622.0;Marquis Teague;48.0;8.2;2.1
623.0;Tony Wroten;35.0;7.8;2.6
624.0;Maalik Wayns;27.0;7.5;2.8
625.0;Jeremy Lamb;23.0;6.4;3.1
626.0;Brandon Knight;66.0;32.3;12.8
627.0;MarShon Brooks;56.0;29.4;12.6
628.0;Iman Shumpert;59.0;28.9;9.5
629.0;Chandler Parsons;63.0;28.6;9.5
630.0;Kemba Walker;66.0;27.2;12.1
631.0;Isaiah Thomas;65.0;25.5;11.5
632.0;Klay Thompson;66.0;24.4;12.5
633.0;Kawhi Leonard;64.0;24.0;7.9
634.0;Wade Baldwin;22.0;13.5;3.5
635.0;Kenneth Faried;46.0;22.5;10.2
636.0;Chris Singleton;66.0;21.7;4.6
637.0;Derrick Williams;66.0;21.5;8.8
638.0;Donald Sloan;33.0;20.3;5.5
639.0;Markieff Morris;63.0;19.5;7.4
640.0;Norris Cole;65.0;19.4;6.8
641.0;Jimmer Fredette;61.0;18.6;7.6
642.0;Charles Jenkins;51.0;17.5;5.8
643.0;Jaylen Brown;34.0;13.4;4.9
644.0;Ivan Johnson;56.0;16.7;6.4
645.0;Alec Burks;59.0;15.9;7.2
646.0;Lavoy Allen;41.0;15.2;4.1
647.0;Lance Thomas;42.0;15.0;4.0
648.0;Jordan Williams;43.0;14.8;4.6
649.0;Josh Harrellson;37.0;14.6;4.4
650.0;Greg Stiemsma;55.0;13.9;2.9
651.0;Jeremy Tyler;42.0;13.5;4.9
652.0;Malcolm Lee;19.0;12.8;3.3
653.0;Nolan Smith;44.0;12.3;3.8
654.0;Shelvin Mack;64.0;12.2;3.6
655.0;Jon Leuer;46.0;12.1;4.7
656.0;Tobias Harris;42.0;11.4;5.0
657.0;Cory Higgins;38.0;11.1;3.9
658.0;Andrew Goudelock;40.0;10.5;4.4
659.0;Jordan Hamilton;26.0;9.9;4.4
660.0;Mickell Gladness;26.0;9.7;2.2
661.0;Patrick McCaw;26.0;12.2;2.8
662.0;Jeremy Pargo;44.0;9.6;2.9
663.0;E'Twaun Moore;38.0;8.7;2.9
664.0;Jimmy Butler;42.0;8.5;2.6
665.0;JaJuan Johnson;36.0;8.3;3.2
666.0;Blake Griffin;82.0;38.0;22.5
667.0;John Wall;69.0;37.8;16.4
668.0;Landry Fields;82.0;31.0;9.7
669.0;DeMarcus Cousins;81.0;28.5;14.1
670.0;Greg Monroe;80.0;27.8;9.4
671.0;Wesley Johnson;79.0;26.2;9.0
672.0;Ed Davis;65.0;24.6;7.7
673.0;Jordan Crawford;42.0;24.5;11.7
674.0;Evan Turner;78.0;23.0;7.2
675.0;Eric Bledsoe;81.0;22.7;6.7
676.0;Gary Neal;80.0;21.1;9.8
677.0;Paul George;61.0;20.7;7.8
678.0;Derrick Favors;78.0;19.7;6.8
679.0;Kay Felder;15.0;11.0;5.4
680.0;Al-Farouq Aminu;81.0;17.9;5.6
681.0;Ekpe Udoh;58.0;17.8;4.1
682.0;Manny Harris;54.0;17.3;5.9
683.0;Gordon Hayward;72.0;16.9;5.4
684.0;Patrick Patterson;52.0;16.7;6.3
685.0;Trevor Booker;65.0;16.4;5.3
686.0;Larry Sanders;60.0;14.5;4.3
687.0;Luke Harangody;49.0;13.1;3.9
688.0;Quincy Pondexter;66.0;11.1;2.8
689.0;Ben Uzoh;42.0;10.4;3.8
690.0;Ish Smith;43.0;10.3;2.3
691.0;Lazar Hayward;42.0;10.0;3.8
692.0;Jeremy Evans;49.0;9.4;3.6
693.0;Cole Aldrich;18.0;7.9;1.0
694.0;Armon Johnson;38.0;7.3;2.9
695.0;Mustafa Shakur;22.0;7.2;2.3
696.0;Derrick Caracter;41.0;5.2;2.0
697.0;Tyreke Evans;72.0;37.2;20.1
698.0;Stephen Curry;80.0;36.2;17.5
699.0;Brandon Jennings;82.0;32.6;15.5
700.0;Denzel Valentine;22.0;10.6;2.5
701.0;Jonny Flynn;81.0;28.9;13.5
702.0;Darren Collison;76.0;27.8;12.4
703.0;Taj Gibson;82.0;26.9;9.0
704.0;Marcus Thornton;73.0;25.6;14.5
705.0;Wesley Matthews;82.0;24.7;9.4
706.0;Jrue Holiday;73.0;24.2;8.0
707.0;James Harden;76.0;22.9;9.9
708.0;Terrence Williams;78.0;22.6;8.4
709.0;Taurean Waller-Prince;20.0;10.0;3.4
710.0;DeMar DeRozan;77.0;21.6;8.6
711.0;Ty Lawson;65.0;20.3;8.3
712.0;Chase Budinger;74.0;20.1;8.9
713.0;Toney Douglas;56.0;19.4;8.6
714.0;DeJuan Blair;82.0;18.2;7.8
715.0;Wayne Ellington;76.0;18.2;6.6
716.0;Sam Young;80.0;16.5;7.4
717.0;Eric Maynor;81.0;15.7;4.7
718.0;A.J. Price;56.0;15.4;7.3
719.0;Karl-Anthony Towns;82.0;32.0;18.3
720.0;Jordan Hill;47.0;13.3;5.2
721.0;Austin Daye;69.0;13.3;5.1
722.0;Chris Hunter;60.0;13.1;4.5
723.0;Jon Brockman;52.0;12.6;2.8
724.0;Garrett Temple;27.0;12.4;5.0
725.0;Jodie Meeks;60.0;12.0;4.7
726.0;Dante Cunningham;63.0;11.2;3.9
727.0;DeMarre Carroll;71.0;11.2;2.9
728.0;Jeff Ayres;39.0;10.4;2.7
729.0;Jeff Teague;71.0;10.1;3.2
730.0;Derrick Brown;57.0;9.4;3.3
731.0;DaJuan Summers;44.0;9.2;3.0
732.0;Gerald Henderson;43.0;8.3;2.6
733.0;Gerald Henderson;43.0;8.3;2.6
734.0;Earl Clark;51.0;7.5;2.7
735.0;Cedric Jackson;12.0;6.3;1.7
736.0;Marcus Landry;18.0;6.2;2.4
737.0;Jahlil Okafor;53.0;30.0;17.5
738.0;Lester Hudson;25.0;5.2;2.3
739.0;O.J. Mayo;82.0;38.0;18.5
740.0;Derrick Rose;81.0;37.0;16.8
741.0;Eric Gordon;78.0;34.3;16.1
742.0;Russell Westbrook;82.0;32.5;15.3
743.0;Mario Chalmers;82.0;32.0;10.0
744.0;Brook Lopez;82.0;30.5;13.0
745.0;Jason Thompson;82.0;28.1;11.1
746.0;D.J. Augustin;72.0;26.5;11.8
747.0;Justise Winslow;78.0;28.6;6.4
748.0;Kevin Love;81.0;25.3;11.1
749.0;Courtney Lee;77.0;25.2;8.4
750.0;Michael Beasley;81.0;24.8;13.9
751.0;Brandon Rush;75.0;24.0;8.1
752.0;Anthony Morrow;67.0;22.6;10.1
753.0;Greg Oden;61.0;21.5;8.9
754.0;Kyle Weaver;56.0;20.8;5.3
755.0;Ryan Anderson;66.0;19.9;7.4
756.0;Darrell Arthur;76.0;19.3;5.6
757.0;George Hill;77.0;16.5;5.7
758.0;Marreese Speights;79.0;16.0;7.7
759.0;JaVale McGee;75.0;15.2;6.5
760.0;Mike Taylor;51.0;15.1;5.7
761.0;DeAndre Jordan;53.0;14.5;4.3
762.0;Roy Hibbert;70.0;14.4;7.1
763.0;Bobby Brown;68.0;13.7;5.3
764.0;D'Angelo Russell;80.0;28.2;13.2
765.0;Chris Douglas-Roberts;44.0;13.3;4.9
766.0;Jerryd Bayless;53.0;12.4;4.3
767.0;Cory Alexander;59.0;12.1;4.7
768.0;Cory Alexander;60.0;9.3;2.8
769.0;Kosta Koufos;48.0;11.8;4.7
770.0;Rob Kurz;40.0;11.1;3.9
771.0;Anthony Tolliver;19.0;10.9;2.7
772.0;Devin Booker;76.0;27.7;13.8
773.0;Robin Lopez;60.0;10.2;3.1
774.0;Darnell Jackson;51.0;8.4;1.9
775.0;Sean Singletary;37.0;8.2;2.4
776.0;Kevin Durant;80.0;34.6;20.3
777.0;Jeff Green;80.0;28.2;10.5
778.0;Jamario Moon;78.0;27.8;8.5
779.0;Al Thornton;79.0;27.3;12.7
780.0;Mike Conley;53.0;26.1;9.4
781.0;Stanley Johnson;73.0;23.1;8.1
782.0;Daequan Cook;59.0;24.4;8.8
783.0;Corey Brewer;79.0;22.8;5.8
784.0;Thaddeus Young;74.0;21.0;8.2
785.0;Joakim Noah;74.0;20.7;6.6
786.0;Wilson Chandler;35.0;19.6;7.3
787.0;Rodney Stuckey;57.0;19.0;7.6
788.0;Jared Dudley;73.0;19.0;5.8
789.0;Sean Williams;73.0;17.5;5.6
790.0;Myles Turner;60.0;22.8;10.3
791.0;Carl Landry;42.0;16.9;8.1
792.0;Acie Law;56.0;15.4;4.2
793.0;Nick Young;75.0;15.4;7.5
794.0;Jason Smith;76.0;14.6;4.5
795.0;Glen Davis;69.0;13.6;4.5
796.0;Javaris Crittenton;50.0;13.6;5.6
797.0;Spencer Hawes;71.0;13.1;4.7
798.0;Arron Afflalo;75.0;12.9;3.7
799.0;Aaron Brooks;51.0;11.9;5.2
800.0;C.J. Watson;32.0;11.5;3.7
801.0;Julian Wright;57.0;11.2;3.9
802.0;Chris Richard;52.0;10.7;1.9
803.0;Nick Fazekas;26.0;10.3;4.1
804.0;Aaron Gray;61.0;10.0;4.3
805.0;Dominic McGuire;70.0;9.9;1.3
806.0;Brandan Wright;38.0;9.9;4.0
807.0;Jermareo Davidson;38.0;8.5;3.2
808.0;Mario West;64.0;4.2;0.9
809.0;Demetris Nichols;14.0;3.1;1.1
810.0;Willie Cauley-Stein;66.0;21.4;7.0
811.0;Brandon Roy;57.0;35.4;16.8
812.0;Adam Morrison;78.0;29.8;11.8
813.0;Rudy Gay;78.0;27.0;10.8
814.0;Rajon Rondo;78.0;23.5;6.4
815.0;Randy Foye;82.0;22.9;10.1
816.0;LaMarcus Aldridge;63.0;22.1;9.0
817.0;Tarence Kinsey;48.0;20.1;7.7
818.0;Josh Richardson;52.0;21.3;6.6
819.0;Craig Smith;82.0;18.7;7.4
820.0;Shelden Williams;81.0;18.7;5.5
821.0;Paul Millsap;82.0;18.0;6.8
822.0;Rodney Carney;67.0;17.4;6.6
823.0;Marcus Williams;79.0;16.6;6.8
824.0;Marcus Williams;79.0;16.6;6.8
825.0;Daniel Gibson;60.0;16.5;4.6
826.0;Renaldo Balkman;68.0;15.6;4.9
827.0;Rondae Hollis-Jefferson;29.0;21.2;5.8
828.0;Jordan Farmar;72.0;15.1;4.4
829.0;Allan Ray;47.0;15.1;6.2
830.0;Mardy Collins;52.0;14.9;4.5
831.0;J.J. Redick;42.0;14.8;6.0
832.0;Tyrus Thomas;72.0;13.4;5.2
833.0;Alexander Johnson;59.0;12.8;4.4
834.0;Cedric Simmons;43.0;12.4;2.9
835.0;Frank Kaminsky;81.0;21.1;7.5
836.0;Shawne Williams;46.0;12.1;3.9
837.0;Ronnie Brewer;56.0;12.1;4.6
838.0;David Noel;68.0;11.6;2.7
839.0;Solomon Jones;58.0;11.5;3.3
840.0;Leon Powe;63.0;11.4;4.2
841.0;Hilton Armstrong;56.0;11.3;3.1
842.0;Josh Boone;61.0;11.0;4.2
843.0;Lynn Greer;41.0;10.5;4.1
844.0;Chris Quinn;42.0;9.7;3.4
845.0;Anthony Brown;29.0;20.7;4.0
846.0;Quincy Douby;42.0;8.5;2.8
847.0;Hassan Adams;61.0;8.1;2.9
848.0;Bobby Jones;44.0;7.6;2.5
849.0;Bobby Jones;44.0;7.6;2.5
850.0;Andre Brown;38.0;7.1;2.4
851.0;Steve Novak;35.0;5.5;1.5
852.0;Chris Paul;78.0;36.0;16.1
853.0;Raymond Felton;80.0;30.1;11.9
854.0;Charlie Villanueva;81.0;29.1;13.0
855.0;Luther Head;80.0;28.9;8.8
856.0;Deron Williams;80.0;28.8;10.8
857.0;Larry Nance Jr.;63.0;20.1;5.5
858.0;Marvin Williams;79.0;24.7;8.5
859.0;Channing Frye;65.0;24.2;12.3
860.0;Danny Granger;78.0;22.6;7.5
861.0;Ryan Gomes;61.0;22.6;7.6
862.0;Nate Robinson;72.0;21.4;9.3
863.0;Salim Stoudamire;61.0;20.3;9.7
864.0;Jarrett Jack;79.0;20.2;6.7
865.0;T.J. McConnell;81.0;19.8;6.1
866.0;Joey Graham;80.0;19.8;6.7
867.0;Monta Ellis;49.0;18.1;6.8
868.0;Martell Webster;61.0;17.5;6.6
869.0;Rashad McCants;79.0;17.2;7.9
870.0;David Lee;67.0;16.9;5.1
871.0;David Lee;67.0;16.9;5.1
872.0;Alan Anderson;36.0;15.7;5.8
873.0;Orien Greene;80.0;15.4;3.2
874.0;Ike Diogu;69.0;14.9;7.0
875.0;Daniel Ewing;66.0;14.7;3.8
876.0;Gerald Fitch;18.0;13.3;4.7
877.0;James Singleton;59.0;12.8;3.4
878.0;Josh Powell;37.0;11.6;3.0
879.0;Hakim Warrick;68.0;10.6;4.1
880.0;Wayne Simien;43.0;9.6;3.4
881.0;Antoine Wright;39.0;9.5;1.8
882.0;Donell Taylor;51.0;9.1;2.7
883.0;C.J. Miles;23.0;8.8;3.4
884.0;Malcolm Brogdon;32.0;22.9;8.3
885.0;Kevin Burleson;39.0;8.7;1.8
886.0;Shavlik Randolph;57.0;8.5;2.3
887.0;Andrew Bynum;46.0;7.3;1.6
888.0;Lawrence Roberts;33.0;5.5;1.5
889.0;Emeka Okafor;73.0;35.6;15.1
890.0;Andre Iguodala;82.0;32.8;9.0
891.0;Dwight Howard;82.0;32.6;12.0
892.0;Josh Childress;80.0;29.7;10.1
893.0;Josh Smith;74.0;27.7;9.7
894.0;Chris Duhon;82.0;26.5;5.9
895.0;J.R. Smith;76.0;24.5;10.3
896.0;Quinton Ross;78.0;21.3;5.1
897.0;Jameer Nelson;79.0;20.4;8.7
898.0;Bobby Portis;62.0;17.8;7.0
899.0;Sebastian Telfair;68.0;19.6;6.8
900.0;Matt Freije;23.0;19.2;4.0
901.0;Matt Bonner;82.0;18.9;7.2
902.0;David Harrison;43.0;17.7;6.1
903.0;Trevor Ariza;80.0;17.3;5.9
904.0;Nick Collison;82.0;17.0;5.6
905.0;Tony Allen;77.0;16.4;6.4
906.0;Devin Harris;76.0;15.4;5.7
907.0;Jackson Vroman;46.0;15.3;4.6
908.0;Al Jefferson;71.0;14.8;6.7
909.0;Billy Thomas;25.0;14.2;3.7
910.0;Kirk Snyder;68.0;13.3;5.0
911.0;Royal Ivey;62.0;13.0;3.5
912.0;Kris Humphries;67.0;13.0;4.1
913.0;Delonte West;39.0;13.0;4.5
914.0;Andre Barrett;38.0;12.7;3.1
915.0;Lionel Chalmers;36.0;12.0;3.1
916.0;Jerian Grant;76.0;16.6;5.6
917.0;Donta Smith;38.0;11.4;3.3
918.0;James Thomas;11.0;10.6;2.4
919.0;Kevin Martin;45.0;10.1;2.9
920.0;LeBron James;79.0;39.5;20.9
921.0;Carmelo Anthony;82.0;36.5;21.0
922.0;Kirk Hinrich;76.0;35.6;12.0
923.0;Dwyane Wade;61.0;34.9;16.2
924.0;Chris Bosh;75.0;33.5;11.5
925.0;Jarvis Hayes;70.0;29.2;9.6
926.0;T.J. Ford;55.0;26.8;7.1
927.0;Keith Bogans;73.0;24.5;6.8
928.0;Udonis Haslem;75.0;23.9;7.3
929.0;Josh Howard;67.0;23.7;8.6
930.0;Chris Kaman;82.0;22.5;6.1
931.0;Tyus Jones;37.0;15.5;4.2
932.0;Matt Barnes;38.0;19.1;4.5
933.0;Ronald Dupree;47.0;19.0;6.2
934.0;Steve Blake;75.0;18.6;5.9
935.0;Marquis Daniels;56.0;18.6;8.5
936.0;Linton Johnson;41.0;17.9;4.2
937.0;Marcus Banks;81.0;17.1;5.9
938.0;Luke Ridnour;69.0;16.1;5.5
939.0;Willie Green;53.0;14.5;6.9
940.0;Chris McCullough;24.0;15.1;4.7
941.0;Mo Williams;57.0;13.5;5.0
942.0;David West;71.0;13.1;3.8
943.0;Brian Cook;35.0;12.6;4.4
944.0;Travis Hansen;41.0;12.4;3.0
945.0;Kyle Korver;74.0;11.9;4.5
946.0;Norman Powell;49.0;14.8;5.6
947.0;Brandon Hunter;36.0;11.3;3.5
948.0;Jason Kapono;41.0;10.4;3.5
949.0;Luke Walton;72.0;10.1;2.4
950.0;Reece Gaines;38.0;9.6;1.8
951.0;Richie Frahm;54.0;8.7;3.4
952.0;Matt Carroll;16.0;4.4;1.2
953.0;Caron Butler;78.0;36.6;15.4
954.0;Jonathon Simmons;55.0;14.8;6.0
955.0;Amar'e Stoudemire;82.0;31.3;13.5
956.0;Dajuan Wagner;47.0;29.5;13.4
957.0;Drew Gooden;70.0;26.8;12.5
958.0;Jay Williams;75.0;26.1;9.5
959.0;Carlos Rogers;81.0;25.3;10.0
960.0;Carlos Rogers;49.0;20.8;8.9
961.0;Junior Harrington;82.0;24.4;5.1
962.0;J.R. Bremer;64.0;23.5;8.3
963.0;Dorian Finney-Smith;33.0;22.8;5.2
964.0;Rashad Vaughn;70.0;14.3;3.1
965.0;Vincent Yarbrough;59.0;23.4;6.9
966.0;Rasual Butler;72.0;21.0;7.5
967.0;Reggie Evans;67.0;20.4;3.2
968.0;Smush Parker;66.0;16.7;6.2
969.0;Mike Batiste;75.0;16.6;6.4
970.0;Mike Dunleavy;82.0;15.9;5.7
971.0;Mike Dunleavy;82.0;15.9;5.7
972.0;Jarell Martin;27.0;14.1;5.7
973.0;Casey Jacobsen;72.0;15.9;5.1
974.0;Juan Dixon;42.0;15.4;6.4
975.0;Melvin Ely;52.0;15.4;4.5
976.0;Mike Wilks;46.0;15.0;3.2
977.0;Sean Lampley;35.0;13.9;4.8
978.0;Chris Jefferies;51.0;13.1;3.9
979.0;Lonny Baxter;55.0;12.4;4.8
980.0;Juaquin Hawkins;58.0;11.8;2.3
981.0;Richaun Holmes;51.0;13.8;5.6
982.0;Kareem Rush;76.0;11.5;3.0
983.0;Marcus Haislip;39.0;11.3;4.1
984.0;Chris Wilcox;46.0;10.4;3.7
985.0;Dan Dickau;50.0;10.3;3.7
986.0;Tayshaun Prince;42.0;10.4;3.3
987.0;Ryan Humphrey;48.0;9.3;1.9
988.0;John Salmons;64.0;7.9;2.1
989.0;Tamar Slay;36.0;7.6;2.6
990.0;Qyntel Woods;53.0;6.3;2.4
991.0;Cameron Payne;57.0;12.2;5.0
992.0;Adam Harrington;19.0;5.8;1.6
993.0;Shane Battier;78.0;39.7;14.4
994.0;Jason Richardson;80.0;32.9;14.4
995.0;Jamaal Tinsley;80.0;30.5;9.4
996.0;Sonny Parker;77.0;29.4;9.2
997.0;Trenton Hassell;78.0;28.7;8.7
998.0;Justin Anderson;55.0;11.8;3.8
999.0;Eddie Griffin;73.0;26.0;8.8
1000.0;Joe Johnson;77.0;24.9;7.5
1001.0;Gilbert Arenas;47.0;24.6;10.9
1002.0;Richard Jefferson;79.0;24.3;9.4
1003.0;Speedy Claxton;67.0;22.8;7.2
1004.0;Jarron Collins;70.0;20.6;6.4
1005.0;Brendan Haywood;62.0;20.4;5.1
1006.0;Tyson Chandler;71.0;19.6;6.1
1007.0;Jason Collins;77.0;18.3;4.5
1008.0;Troy Murphy;82.0;17.7;5.9
1009.0;Terence Morris;68.0;16.3;3.8
1010.0;Eddy Curry;72.0;16.0;6.7
1011.0;Kenny Satterfield;36.0;15.6;5.3
1012.0;Earl Watson;64.0;15.1;3.6
1013.0;Kwame Brown;57.0;14.3;4.5
1014.0;Will Solomon;62.0;14.1;5.2
1015.0;Lamar Patterson;35.0;11.3;2.4
1016.0;Etan Thomas;47.0;13.1;4.3
1017.0;Tierre Brown;40.0;10.1;3.1
1018.0;Steven Hunter;53.0;9.7;3.6
1019.0;Loren Woods;60.0;8.6;1.8
1020.0;Alton Ford;53.0;8.5;3.1
1021.0;Gerald Wallace;54.0;8.0;3.2
1022.0;Joe Crispin;21.0;7.4;3.8
1023.0;Zach Randolph;41.0;5.8;2.8
1024.0;Brandon Armstrong;35.0;5.6;1.8
1025.0;Willie Reed;39.0;10.9;4.7
1026.0;Kenyon Martin;68.0;33.4;12.0
1027.0;Marc Jackson;48.0;29.4;13.2
1028.0;Mike Miller;82.0;29.1;11.9
1029.0;Darius Miles;81.0;26.3;9.4
1030.0;Morris Peterson;80.0;22.6;9.3
1031.0;Chris Porter;51.0;22.5;8.6
1032.0;Marcus Fizer;72.0;21.9;9.5
1033.0;Stephen Jackson;77.0;21.6;8.2
1034.0;Courtney Alexander;65.0;21.3;9.5
1035.0;Chris Mihm;59.0;19.8;7.6
1036.0;Kelly Oubre;63.0;10.7;3.7
1037.0;Desmond Mason;78.0;19.5;5.9
1038.0;Khalid El-Amin;50.0;18.7;6.3
1039.0;Quentin Richardson;76.0;17.9;8.1
1040.0;Mark Blount;64.0;17.2;3.9
1041.0;Jamal Crawford;61.0;17.2;4.6
1042.0;DerMarr Johnson;78.0;16.8;5.1
1043.0;Stromile Swift;80.0;16.4;4.9
1044.0;Keyon Dooling;76.0;16.3;5.9
1045.0;Mateen Cleaves;78.0;16.3;5.4
1046.0;Mike Penberthy;53.0;16.1;5.0
1047.0;Lee Nailon;42.0;11.2;3.9
1048.0;Eddie House;50.0;11.0;5.0
1049.0;Paul McPherson;55.0;10.8;4.8
1050.0;Daniel Santiago;54.0;10.8;3.1
1051.0;Isaiah Whitehead;25.0;22.6;6.7
1052.0;Darrun Hilliard;38.0;10.1;4.0
1053.0;Mark Madsen;70.0;9.2;2.0
1054.0;DeShawn Stevenson;40.0;7.3;2.2
1055.0;Elton Brand;81.0;37.0;20.1
1056.0;Lamar Odom;76.0;36.4;16.6
1057.0;Steve Francis;77.0;36.1;18.0
1058.0;Metta World Peace;72.0;31.1;12.0
1059.0;Walt Szczerbiak;73.0;29.7;11.6
1060.0;Adrian Griffin;72.0;26.8;6.7
1061.0;Andre Miller;82.0;25.5;11.1
1062.0;James Posey;81.0;25.3;8.2
1063.0;Kenny Thomas;72.0;25.0;8.3
1064.0;Shawn Marion;51.0;24.7;10.2
1065.0;Vonteego Cummings;75.0;23.9;9.4
1066.0;Anthony Carter;79.0;23.5;6.3
1067.0;Jason Terry;81.0;23.3;8.1
1068.0;Chucky Atkins;82.0;19.8;9.5
1069.0;Richard Hamilton;71.0;19.3;9.0
1070.0;Greg Buckner;48.0;19.2;5.7
1071.0;Langston Galloway;45.0;32.4;11.8
1072.0;Baron Davis;82.0;18.6;5.9
1073.0;Corey Maggette;77.0;17.8;8.4
1074.0;Eddie Robinson;67.0;16.6;7.0
1075.0;Michael Ruffin;71.0;13.7;2.2
1076.0;Chris Herren;45.0;13.3;3.1
1077.0;Quincy Lewis;74.0;12.1;3.8
1078.0;Ryan Bowen;52.0;11.3;2.5
1079.0;Cal Bowdler;46.0;9.2;2.7
1080.0;Scott Padgett;47.0;9.2;2.6
1081.0;Nerlens Noel;75.0;30.8;9.9
1082.0;Roy Rogers;40.0;8.9;2.2
1083.0;William Avery;59.0;8.2;2.6
1084.0;Milt Palacio;53.0;7.4;2.0
1085.0;Devean George;49.0;7.0;3.2
1086.0;Lari Ketner;22.0;6.0;1.5
1087.0;Jason Williams;50.0;36.1;12.8
1088.0;Vince Carter;50.0;35.2;18.3
1089.0;Mike Bibby;50.0;35.2;13.2
1090.0;Paul Pierce;48.0;34.0;16.5
1091.0;Elfrid Payton;82.0;30.4;8.9
1092.0;Michael Dickerson;50.0;31.2;10.9
1093.0;Jamie Feick;28.0;30.4;6.3
1094.0;Jamie Feick;41.0;15.2;3.7
1095.0;Cuttino Mobley;49.0;29.7;9.9
1096.0;Tyrone Nesby;50.0;25.8;10.1
1097.0;Antawn Jamison;47.0;22.5;9.6
1098.0;Matt Harpring;50.0;22.3;8.2
1099.0;Jabari Parker;25.0;29.5;12.3
1100.0;Larry Hughes;50.0;19.8;9.1
1101.0;Robert Traylor;49.0;16.0;5.3
1102.0;Michael Doleac;49.0;15.9;6.2
1103.0;Cory Carr;42.0;14.9;4.1
1104.0;Keon Clark;28.0;14.6;3.3
1105.0;Damon Jones;24.0;14.3;5.2
1106.0;Pat Garrity;39.0;13.8;5.6
1107.0;Marcus Smart;67.0;27.0;7.8
1108.0;Bryce Drew;34.0;13.0;3.5
1109.0;Jelani McCoy;26.0;12.7;5.1
1110.0;Brad Miller;38.0;12.3;6.3
1111.0;Ricky Davis;46.0;12.1;4.5
1112.0;J.R. Henderson;30.0;11.0;3.2
1113.0;Corey Benjamin;31.0;10.3;3.8
1114.0;Roshown McLeod;34.0;10.2;4.8
1115.0;Earl Boykins;22.0;10.0;3.0
1116.0;Toby Bailey;27.0;9.2;2.9
1117.0;Marlon Garnett;24.0;8.5;2.1
1118.0;Jordan Clarkson;59.0;25.0;11.9
1119.0;Andrae Patterson;35.0;8.1;3.3
1120.0;Gerald Brown;33.0;7.2;2.4
1121.0;Ruben Patterson;24.0;6.0;2.7
1122.0;Nazr Mohammed;26.0;4.7;1.6
1123.0;Keith Van Horn;62.0;37.5;19.7
1124.0;Ron Mercer;80.0;33.3;15.3
1125.0;Brevin Knight;80.0;31.0;9.0
1126.0;Cedric Henderson;82.0;30.8;10.1
1127.0;Cedric Henderson;82.0;30.8;10.1
1128.0;Bobby Jackson;68.0;30.0;11.6
1129.0;Zach LaVine;77.0;24.7;10.1
1130.0;Anthony Johnson;77.0;29.4;7.5
1131.0;Derek Anderson;66.0;27.9;11.7
1132.0;Chauncey Billups;80.0;27.7;11.2
1133.0;Antonio Daniels;74.0;26.4;7.8
1134.0;Eric Washington;66.0;23.3;7.7
1135.0;Tony Battie;65.0;23.2;8.4
1136.0;Tim Thomas;77.0;23.1;11.0
1137.0;Danny Fortson;80.0;22.6;10.2
1138.0;Maurice Taylor;71.0;21.3;11.5
1139.0;Lawrence Funderburke;52.0;21.0;9.5
1140.0;Alvin Williams;54.0;19.8;6.0
1141.0;Rodrick Rhodes;58.0;18.4;5.8
1142.0;Tracy McGrady;64.0;18.4;7.0
1143.0;Rick Brunson;38.0;16.4;4.3
1144.0;Jerald Honeycutt;38.0;13.9;6.4
1145.0;Kelvin Cato;74.0;13.6;3.8
1146.0;Domantas Sabonis;34.0;21.1;6.4
1147.0;Adreian Payne;32.0;23.1;6.7
1148.0;Keith Closs;58.0;12.8;4.0
1149.0;Kevin Ollie;35.0;12.3;3.5
1150.0;Bubba Wells;39.0;10.1;3.3
1151.0;John Thomas;54.0;9.9;2.8
1152.0;Travis Williams;39.0;9.4;3.5
1153.0;Jacque Vaughn;45.0;9.3;3.1
1154.0;Chris Garner;38.0;7.7;1.4
1155.0;Chris Crawford;40.0;6.4;3.8
1156.0;Anthony Parker;37.0;5.3;1.9
1157.0;Allen Iverson*;76.0;40.1;23.5
1158.0;Kerry Kittles;82.0;36.7;16.4
1159.0;Antoine Walker;82.0;36.2;17.5
1160.0;Shareef Abdur-Rahim;80.0;35.0;18.7
1161.0;Stephon Marbury;67.0;34.7;15.8
1162.0;Ray Allen;82.0;30.9;13.4
1163.0;Marcus Camby;63.0;30.1;14.8
1164.0;Matt Maloney;82.0;29.1;9.4
1165.0;Lorenzen Wright;77.0;25.1;7.3
1166.0;K.J. McDaniels;62.0;21.8;7.9
1167.0;Dean Garrett;68.0;24.5;8.0
1168.0;Chris Robinson;41.0;16.6;4.6
1169.0;Shandon Anderson;65.0;16.4;5.9
1170.0;Travis Knight;71.0;16.3;4.8
1171.0;Kobe Bryant;71.0;15.5;7.6
1172.0;Randy Livingston;64.0;15.3;3.9
1173.0;Othella Harrington;57.0;15.1;4.8
1174.0;Erick Dampier;72.0;14.6;5.1
1175.0;Rodney Hood;50.0;21.3;8.7
1176.0;Tony Delk;61.0;14.2;5.4
1177.0;Samaki Walker;43.0;14.0;5.0
1178.0;Todd Fuller;75.0;12.7;4.1
1179.0;John Wallace;68.0;11.6;4.8
1180.0;Derek Fisher;80.0;11.5;3.9
1181.0;Ray Owes;57.0;10.4;3.1
1182.0;Jermaine O'Neal;45.0;10.2;4.1
1183.0;Malik Rose;54.0;9.7;3.0
1184.0;Brett Szabo;70.0;9.5;2.2
1185.0;Jerami Grant;65.0;21.2;6.3
1186.0;Darvin Ham;36.0;8.8;2.3
1187.0;Steve Hamer;35.0;7.7;2.2
1188.0;Walter McCarty;35.0;5.5;1.8
1189.0;Priest Lauderdale;35.0;5.1;3.2
1190.0;Damon Stoudamire;70.0;40.9;19.0
1191.0;Michael Finley;82.0;39.2;15.0
1192.0;Jerry Stackhouse;72.0;37.5;19.2
1193.0;Joe Smith;82.0;34.4;15.3
1194.0;Bryant Reeves;77.0;31.9;13.3
1195.0;Tyus Edney;80.0;31.0;10.8
1196.0;Antonio McDyess;76.0;30.0;13.4
1197.0;Kevin Garnett;80.0;28.7;10.4
1198.0;Rasheed Wallace;65.0;27.5;10.1
1199.0;Brent Barry;79.0;24.0;10.1
1200.0;Eric Williams;64.0;23.0;10.7
1201.0;Kurt Thomas;74.0;22.4;9.0
1202.0;Ashraf Amaya;54.0;20.4;6.3
1203.0;Alan Henderson;79.0;17.9;6.4
1204.0;Gary Trent;69.0;17.7;7.5
1205.0;Loren Meyer;72.0;17.6;5.0
1206.0;Theo Ratliff;75.0;17.4;4.5
1207.0;Anthony Goldwire;42.0;14.8;5.5
1208.0;Bob Sura;79.0;14.6;5.3
1209.0;Don Reid;69.0;14.4;3.8
1210.0;Jimmy King;62.0;14.0;4.5
1211.0;Shawn Respert;62.0;13.6;4.9
1212.0;Shabazz Napier;51.0;19.8;5.1
1213.0;Cherokee Parks;64.0;13.6;3.9
1214.0;Lawrence Moten;44.0;13.0;6.6
1215.0;Greg Ostertag;57.0;11.6;3.6
1216.0;Corliss Williamson;53.0;11.5;5.6
1217.0;Terrence Rencher;36.0;11.3;2.9
1218.0;Chris Carr;60.0;9.8;4.0
1219.0;Travis Best;59.0;9.7;3.7
1220.0;Jason Caffey;57.0;9.6;3.2
1221.0;Elijah Millsap;47.0;19.7;5.3
1222.0;Eric Snow;43.0;9.0;2.7
1223.0;Jerome Allen;41.0;8.8;2.6
1224.0;Junior Burrough;61.0;8.1;3.1
1225.0;Lou Roe;49.0;7.6;1.8
1226.0;Marques Bragg;53.0;7.0;2.5
1227.0;Todd Mundt;33.0;4.6;1.1
1228.0;Grant Hill;70.0;38.3;19.9
1229.0;Glenn Robinson;80.0;37.0;21.9
1230.0;Glenn Robinson;80.0;37.0;21.9
1231.0;Juwan Howard;65.0;36.1;17.0
1232.0;Tarik Black;63.0;19.0;6.0
1233.0;Jason Kidd;79.0;33.8;11.7
1234.0;Lamond Murray;81.0;31.6;14.1
1235.0;Eddie Jones;64.0;31.0;14.0
1236.0;Eric Montross;78.0;29.7;10.0
1237.0;Donyell Marshall;72.0;29.0;12.6
1238.0;Brian Grant;80.0;28.6;13.2
1239.0;Sharone Wright;79.0;25.9;11.4
1240.0;Wesley Person;78.0;23.1;10.4
1241.0;Clifford Rozier;66.0;22.6;6.8
1242.0;Jalen Rose;81.0;22.2;8.2
1243.0;Tyler Johnson;32.0;18.8;5.9
1244.0;Khalid Reeves;67.0;21.8;9.2
1245.0;Chris Childs;53.0;19.3;5.8
1246.0;Aaron McKie;45.0;18.4;6.5
1247.0;Ryan Lorthridge;37.0;18.2;7.4
1248.0;Derrick Alston;64.0;16.1;4.7
1249.0;Anthony Tucker;62.0;15.8;3.9
1250.0;Greg Minor;63.0;15.0;6.0
1251.0;Eric Piatkowski;81.0;14.9;7.0
1252.0;B.J. Tyler;55.0;14.7;3.5
1253.0;Eric Mobley;46.0;12.8;3.9
1254.0;Monty Williams;41.0;12.3;3.3
1255.0;Anthony Miller;46.0;11.5;4.1
1256.0;Howard Eisley;49.0;11.3;2.4
1257.0;Bill Curley;53.0;11.2;2.7
1258.0;Jamie Watson;60.0;11.2;3.3
1259.0;Tony Dumas;58.0;10.6;4.6
1260.0;Dickey Simpkins;59.0;9.9;3.5
1261.0;Jim McIlvaine;55.0;9.7;1.7
1262.0;Dwayne Morton;41.0;9.6;4.1
1263.0;Darrin Hancock;46.0;9.2;3.3
1264.0;Tim Breaux;42.0;8.1;3.0
1265.0;Trevor Ruffin;49.0;6.5;4.8
1266.0;Brooks Thompson;38.0;6.5;3.1
1267.0;Anfernee Hardaway;82.0;36.8;16.0
1268.0;Jamal Mashburn;79.0;36.7;19.2
1269.0;Nick Van Exel;81.0;33.3;13.6
1270.0;Chris Webber;76.0;32.1;17.5
1271.0;Aaron Gordon;47.0;17.0;5.2
1272.0;Vin Baker;82.0;31.2;13.5
1273.0;Isaiah Rider;79.0;30.6;16.6
1274.0;Lindsey Hunter;82.0;26.5;10.3
1275.0;Chris Mills;79.0;25.6;9.4
1276.0;George Lynch;71.0;24.8;9.6
1277.0;P.J. Brown;79.0;24.7;5.7
1278.0;Calbert Cheaney;65.0;24.7;12.0
1279.0;Bo Outlaw;37.0;23.5;6.9
1280.0;Popeye Jones;81.0;21.9;5.8
1281.0;Antonio Davis;81.0;21.4;7.7
1282.0;Allan Houston;79.0;19.2;8.5
1283.0;Harold Ellis;49.0;18.8;8.7
1284.0;Rodney Rogers;79.0;17.8;8.1
1285.0;Mitchell Butler;75.0;17.6;6.9
1286.0;Sam Cassell;66.0;17.0;6.7
1287.0;Bryon Russell;67.0;16.7;5.0
1288.0;Darren Morningstar;23.0;16.0;4.2
1289.0;Markel Brown;47.0;16.6;4.6
1290.0;Acie Earl;74.0;15.5;5.5
1291.0;Lucious Harris;77.0;15.1;5.4
1292.0;Scott Burrell;51.0;15.0;4.8
1293.0;Warren Kidd;68.0;13.0;3.6
1294.0;Greg Graham;70.0;12.7;4.8
1295.0;Mike Peplowski;55.0;12.1;3.2
1296.0;Terry Dehere;64.0;11.9;5.3
1297.0;James Robinson;58.0;11.6;4.8
1298.0;Corie Blount;67.0;10.3;3.0
1299.0;Cleanthony Early;39.0;16.6;5.4
1300.0;David Wesley;60.0;9.0;3.1
1301.0;Chris Whitney;40.0;8.5;1.8
1302.0;Rex Walters;48.0;8.0;3.4
1303.0;Darnell Mee;38.0;7.5;1.9
1304.0;Josh Grant;53.0;7.2;3.0
1305.0;Ervin Johnson;45.0;6.2;2.6
1306.0;Brian Davis;68.0;5.5;1.9
1307.0;Eric Riley;47.0;4.7;1.9
1308.0;Shaquille O'Neal*;81.0;37.9;23.4
1309.0;Latrell Sprewell;77.0;35.6;15.4
1310.0;Christian Laettner;81.0;34.9;18.2
1311.0;Tom Gugliotta;81.0;34.5;14.7
1312.0;Alonzo Mourning*;78.0;33.9;21.0
1313.0;LaPhonso Ellis;82.0;33.5;14.7
1314.0;Clarence Weatherspoon;82.0;32.4;15.6
1315.0;Robert Horry;79.0;29.5;10.1
1316.0;Sean Rooks;72.0;29.0;13.5
1317.0;Walt Williams;59.0;28.4;17.0
1318.0;Anthony Avent;82.0;27.9;9.8
1319.0;Richard Dumas;48.0;27.5;15.8
1320.0;Todd Day;71.0;27.2;13.8
1321.0;Bryant Stith;39.0;22.2;8.9
1322.0;Doug Overton;45.0;22.0;8.1
1323.0;Anthony Peeler;77.0;21.5;10.4
1324.0;Walter Bond;74.0;21.3;8.0
1325.0;Andre Spencer;20.0;21.1;9.4
1326.0;Lloyd Daniels;77.0;20.4;9.1
1327.0;Oliver Miller;56.0;19.1;5.6
1328.0;Harold Miner;73.0;18.9;10.3
1329.0;T.J. Warren;40.0;15.4;6.1
1330.0;Adam Keefe;82.0;18.9;6.6
1331.0;Lee Mayberry;82.0;18.3;5.2
1332.0;Hubert Davis;50.0;16.3;5.4
1333.0;Byron Houston;79.0;16.1;5.3
1334.0;Chris Smith;80.0;15.8;4.3
1335.0;Chris Smith;80.0;15.8;4.3
1336.0;Brent Price;68.0;12.6;3.9
1337.0;Marlon Maxey;43.0;12.1;5.4
1338.0;Litterial Green;52.0;12.0;4.5
1339.0;Jon Barry;47.0;11.7;4.4
